size,method,time_ms_per_img,img_per_sec
128x128,bicubic,2.533726930618286,394.6755224155026
128x128,bilinear,2.135817289352417,468.2048436377259
128x128,lanczos,1.796748399734497,556.5609520775243
128x128,nearest,1.6719019412994385,598.1212027439709
224x224,bicubic,3.36820387840271,296.8941418339041
224x224,bilinear,3.0104055404663086,332.18115850434594
224x224,lanczos,5.649659156799316,177.00182829551912
224x224,nearest,3.6995761394500732,270.30123514329017
