variant,mean_R,mean_G,mean_B,std_R,std_G,std_B
"[0,1]",0.49026206135749817,0.48226478695869446,0.4440564811229706,0.19592426717281342,0.19214558601379395,0.19436703622341156
"[-1,1]",-0.019488545134663582,-0.03547770529985428,-0.1118994653224945,0.39184853434562683,0.38429057598114014,0.3887335956096649
Z-score(dataset),125.01519140625,122.9766103515625,113.2326298828125,60.99540023720228,60.328170615896596,65.25360405634257
